{
  "TIME": [
    0.06,
    0.12,
    0.18,
    0.24,
    0.3,
    0.36,
    0.42,
    0.48,
    0.54,
    0.6000000000000001,
    0.6600000000000001,
    0.7200000000000002,
    0.7800000000000002,
    0.8400000000000003,
    0.9000000000000004,
    0.9600000000000004,
    1.0200000000000005,
    1.0800000000000005,
    1.1400000000000006,
    1.2000000000000006,
    1.2600000000000007,
    1.3200000000000007,
    1.3800000000000008,
    1.4400000000000008,
    1.5000000000000009,
    1.560000000000001,
    1.620000000000001,
    1.680000000000001,
    1.740000000000001,
    1.8000000000000012,
    1.8600000000000012,
    1.9200000000000013,
    1.9800000000000013,
    2.0400000000000014,
    2.1000000000000014,
    2.1600000000000015,
    2.2200000000000015,
    2.2800000000000016,
    2.3400000000000016,
    2.4000000000000017,
    2.4600000000000017,
    2.520000000000002,
    2.580000000000002,
    2.640000000000002,
    2.700000000000002,
    2.760000000000002,
    2.820000000000002,
    2.880000000000002,
    2.940000000000002,
    3.000000000000002,
    3.0600000000000023,
    3.1200000000000023,
    3.1800000000000024,
    3.2400000000000024,
    3.3000000000000025,
    3.3600000000000025,
    3.4200000000000026,
    3.4800000000000026,
    3.5400000000000027,
    3.6000000000000028,
    3.660000000000003,
    3.720000000000003,
    3.780000000000003,
    3.840000000000003,
    3.900000000000003,
    3.960000000000003,
    4.020000000000003,
    4.080000000000003,
    4.140000000000002,
    4.200000000000002,
    4.260000000000002,
    4.320000000000001,
    4.380000000000001,
    4.44,
    4.5,
    4.56,
    4.619999999999999,
    4.679999999999999,
    4.739999999999998
  ],
  "NODE_2177": {
    "DISPLACEMENT_Y": [
      -0.001476507354480755,
      -0.0059282649619424,
      -0.013270848128993575,
      -0.02252690185884677,
      -0.0332225043395472,
      -0.04525443071119411,
      -0.05832162039935212,
      -0.07185614112320068,
      -0.08493823212732976,
      -0.09601194206945013,
      -0.10348583458448656,
      -0.10705895863536975,
      -0.10779868258409316,
      -0.10632131480664368,
      -0.10200452944815823,
      -0.0945408981823,
      -0.08404129600749176,
      -0.07107984892548225,
      -0.05694088997917215,
      -0.043090907535010874,
      -0.031004183791617103,
      -0.021091968347975037,
      -0.012597916399783107,
      -0.005730633111822372,
      -0.0017827589270247885,
      -0.0018367045640498645,
      -0.005924802019376182,
      -0.013536403762552964,
      -0.02379181932734664,
      -0.03543963242168988,
      -0.047576206254814166,
      -0.05996952361159491,
      -0.07288582241780844,
      -0.08588985643744595,
      -0.0968702090275682,
      -0.10434530908192394,
      -0.10811213047239424,
      -0.10835432727667092,
      -0.10562012268859701,
      -0.10034810393203568,
      -0.09282151875587656,
      -0.08283883028277111,
      -0.07015716679541428,
      -0.05566493975852404,
      -0.041439344549903064,
      -0.029254858748697987,
      -0.019250535000985062,
      -0.011261641123824096,
      -0.005620441062309055,
      -0.002498616699929169,
      -0.002449992365462859,
      -0.006145529436096696,
      -0.013837510488863235,
      -0.024869076918797882,
      -0.03727856975678504,
      -0.049651728960016406,
      -0.06205647455663279,
      -0.07462341711887344,
      -0.08668054971299419,
      -0.09713209220700904,
      -0.10497466360413181,
      -0.10908905180273476,
      -0.10895162584045147,
      -0.10517733017741368,
      -0.0989382139840418,
      -0.09110474939215946,
      -0.08115459470084722,
      -0.06860943611258731,
      -0.05459416104215055,
      -0.04051550473111738,
      -0.027658394424974843,
      -0.01723730717468855,
      -0.009818376570294374,
      -0.005307893904780645,
      -0.0030735022098421203,
      -0.0032397667455767187,
      -0.00684969247682253,
      -0.014624275707299086,
      -0.025709179308841378
    ]
  }
}