{
  "tolerances": { "model_tolerance": 0.001 },
  "version_number": 1,
  "breps": [
    {
      "brep_id": 1,
      "faces": [
        {
          "brep_id": 2,
          "swapped_surface_normal": false,
          "surface": {
            "is_trimmed": true,
            "is_rational": false,
            "degrees": [ 2, 2 ],
            "knot_vectors": [
              [ 0, 0, 0, 0.70710678118654757, 1.4142135623730951, 1.4142135623730951, 1.4142135623730951 ],
              [ 0, 0, 0, 1.5, 3, 3, 3 ]
            ],
            "control_points": [
              [
                101,
                [ 0, 0, 0, 1 ]
              ],
              [
                102,
                [ 0, 0.25, 0, 1 ]
              ],
              [
                103,
                [ 0, 0.75, 0, 1 ]
              ],
              [
                104,
                [ 0, 1, 0, 1 ]
              ],
              [
                105,
                [ 0.5, 0, 0, 1 ]
              ],
              [
                106,
                [ 0.5625, 0.25, 0, 1 ]
              ],
              [
                107,
                [ 0.6875, 0.75, 0, 1 ]
              ],
              [
                108,
                [ 0.75, 1, 0, 1 ]
              ],
              [
                109,
                [ 1.5, 0, 0, 1 ]
              ],
              [
                110,
                [ 1.6875, 0.25, 0, 1 ]
              ],
              [
                111,
                [ 2.0625, 0.75, 0, 1 ]
              ],
              [
                112,
                [ 2.25, 1, 0, 1 ]
              ],
              [
                113,
                [ 2, 0, 0, 1 ]
              ],
              [
                114,
                [ 2.25, 0.25, 0, 1 ]
              ],
              [
                115,
                [ 2.75, 0.75, 0, 1 ]
              ],
              [
                116,
                [ 3, 1, 0, 1 ]
              ]
            ]
          },
          "boundary_loops": [
            {
              "loop_type": "outer",
              "trimming_curves": [
                {
                  "trim_index": 0,
                  "curve_direction": true,
                  "parameter_curve": {
                    "is_rational": false,
                    "degree": 1,
                    "knot_vector": [ 0, 0, 1.4142135623730951, 1.4142135623730951 ],
                    "active_range": [ 0, 1.4142135623730951 ],
                    "control_points": [
                      [
                        17,
                        [ 0, 0, 0, 1 ]
                      ],
                      [
                        18,
                        [ 1.4142135623730951, 0, 0, 1 ]
                      ]
                    ]
                  }
                },
                {
                  "trim_index": 1,
                  "curve_direction": true,
                  "parameter_curve": {
                    "is_rational": false,
                    "degree": 1,
                    "knot_vector": [ 0, 0, 3, 3 ],
                    "active_range": [ 0, 3 ],
                    "control_points": [
                      [
                        19,
                        [ 1.4142135623730951, 0, 0, 1 ]
                      ],
                      [
                        20,
                        [ 1.4142135623730951, 3, 0, 1 ]
                      ]
                    ]
                  }
                },
                {
                  "trim_index": 2,
                  "curve_direction": true,
                  "parameter_curve": {
                    "is_rational": false,
                    "degree": 1,
                    "knot_vector": [ 0, 0, 1.4142135623730951, 1.4142135623730951 ],
                    "active_range": [ 0, 1.4142135623730951 ],
                    "control_points": [
                      [
                        21,
                        [ 1.4142135623730951, 3, 0, 1 ]
                      ],
                      [
                        22,
                        [ 0, 3, 0, 1 ]
                      ]
                    ]
                  }
                },
                {
                  "trim_index": 3,
                  "curve_direction": true,
                  "parameter_curve": {
                    "is_rational": false,
                    "degree": 1,
                    "knot_vector": [ 0, 0, 3, 3 ],
                    "active_range": [ 0, 3 ],
                    "control_points": [
                      [
                        23,
                        [ 0, 3, 0, 1 ]
                      ],
                      [
                        24,
                        [ 0, 0, 0, 1 ]
                      ]
                    ]
                  }
                }
              ]
            }
          ],
          "embedded_loops": [],
          "embedded_edges": [],
          "embedded_points": []
        }
      ],
      "edges": [
        {
          "brep_id": 3,
          "3d_curve": {
            "degree": 2,
            "knot_vector": [ 0, 0, 0, 0.70710678118654757, 1.4142135623730951, 1.4142135623730951, 1.4142135623730951 ],
            "active_range": [ 0, 1.4142135623730951 ],
            "control_points": [
              [
                25,
                [ 0, 0, 0, 1 ]
              ],
              [
                26,
                [ 0, 0.25, 0, 1 ]
              ],
              [
                27,
                [ 0, 0.75, 0, 1 ]
              ],
              [
                28,
                [ 0, 1, 0, 1 ]
              ]
            ]
          },
          "topology": [
            {
              "brep_id": 2,
              "trim_index": 0,
              "relative_direction": true
            }
          ]
        },
        {
          "brep_id": 4,
          "3d_curve": {
            "degree": 2,
            "knot_vector": [ 0, 0, 0, 1.5, 3, 3, 3 ],
            "active_range": [ 0, 3 ],
            "control_points": [
              [
                29,
                [ 0, 1, 0, 1 ]
              ],
              [
                30,
                [ 0.75, 1, 0, 1 ]
              ],
              [
                31,
                [ 2.25, 1, 0, 1 ]
              ],
              [
                32,
                [ 3, 1, 0, 1 ]
              ]
            ]
          },
          "topology": [
            {
              "brep_id": 2,
              "trim_index": 1,
              "relative_direction": true
            }
          ]
        },
        {
          "brep_id": 5,
          "3d_curve": {
            "degree": 2,
            "knot_vector": [ -1.4142135623730951, -1.4142135623730951, -1.4142135623730951, -0.70710678118654757, 0, 0, 0 ],
            "active_range": [ -1.4142135623730951, 0 ],
            "control_points": [
              [
                33,
                [ 3, 1, 0, 1 ]
              ],
              [
                34,
                [ 2.75, 0.75, 0, 1 ]
              ],
              [
                35,
                [ 2.25, 0.25, 0, 1 ]
              ],
              [
                36,
                [ 2, 0, 0, 1 ]
              ]
            ]
          },
          "topology": [
            {
              "brep_id": 2,
              "trim_index": 2,
              "relative_direction": true
            }
          ]
        },
        {
          "brep_id": 6,
          "3d_curve": {
            "degree": 2,
            "knot_vector": [ -3, -3, -3, -1.5, 0, 0, 0 ],
            "active_range": [ -3, 0 ],