{
  "TIME": [
    0.5,
    1.0,
    1.5,
    2.0,
    2.5,
    3.0,
    3.5,
    4.0,
    4.5,
    5.0,
    5.5,
    6.0,
    6.5,
    7.0,
    7.5,
    8.0,
    8.5,
    9.0,
    9.5,
    10.0,
    10.5,
    11.0,
    11.5,
    12.0,
    12.5,
    13.0,
    13.5,
    14.0,
    14.5,
    15.0,
    15.5,
    16.0,
    16.5,
    17.0,
    17.5,
    18.0,
    18.5,
    19.0,
    19.5,
    20.0,
    20.5,
    21.0,
    21.5,
    22.0,
    22.5,
    23.0,
    23.5,
    24.0,
    24.5,
    25.0,
    25.5,
    26.0,
    26.5,
    27.0,
    27.5,
    28.0,
    28.5,
    29.0,
    29.5,
    30.0,
    30.5,
    31.0,
    31.5,
    32.0,
    32.5,
    33.0,
    33.5,
    34.0,
    34.5,
    35.0,
    35.5,
    36.0,
    36.5,
    37.0,
    37.5,
    38.0,
    38.5,
    39.0,
    39.5,
    40.0,
    40.5,
    41.0,
    41.5
  ],
  "NODE_2177": {
    "DISPLACEMENT_Y": [
      -0.0011205363545302401,
      -0.004364542007274072,
      -0.00970361866099078,
      -0.016571030059234923,
      -0.024970729857761168,
      -0.03518628252984066,
      -0.04666259237341573,
      -0.05799214398527785,
      -0.06808191373716453,
      -0.07673810032078666,
      -0.08428030330171625,
      -0.0904166041247995,
      -0.09381546197447332,
      -0.09392278701372295,
      -0.09125748237754523,
      -0.08655464944876973,
      -0.08024071689147756,
      -0.07193988845243707,
      -0.06154073000906555,
      -0.050119748322378505,
      -0.03903828842857413,
      -0.0291218915710414,
      -0.020017914049164805,
      -0.011741063687498015,
      -0.005344420480173724,
      -0.001776750863087377,
      -0.0013550423393442698,
      -0.0034689362097066363,
      -0.007311113090889959,
      -0.013169941977715035,
      -0.021505665064209013,
      -0.031919763173701036,
      -0.04306193979527718,
      -0.05370913027949893,
      -0.06383813127442897,
      -0.07354725553429921,
      -0.08228850142871888,
      -0.0890395674792381,
      -0.09271776043631266,
      -0.0934910794126227,
      -0.09226094842210912,
      -0.08905362409787225,
      -0.08337248340483257,
      -0.07496021118756716,
      -0.06472930344456651,
      -0.054063388900845166,
      -0.04353338538572435,
      -0.03321261572655072,
      -0.023032285074294365,
      -0.013825731988753094,
      -0.007118683415140718,
      -0.0033017807008884057,
      -0.0018108579923447055,
      -0.0022552303581095893,
      -0.004941267723902671,
      -0.010538195798032257,
      -0.01880315793354729,
      -0.028593564000404175,
      -0.03884494834367273,
      -0.049165845903606106,
      -0.059937033788409165,
      -0.07070352539146428,
      -0.07992405081111914,
      -0.08671716896333749,
      -0.09097935416237618,
      -0.09322172477934088,
      -0.09350693720802662,
      -0.09109255064139495,
      -0.08559097996470089,
      -0.07753261271479142,
      -0.06823964321148082,
      -0.05850792817712135,
      -0.04797905351948064,
      -0.036769544794680684,
      -0.025911975309809047,
      -0.01664620548912343,
      -0.009782651080327644,
      -0.005023518186491712,
      -0.001959641520628575,
      -0.0011252789398669128,
      -0.0033270336334299804,
      -0.00874080795268768,
      -0.016238595983151125
    ]
  }
}