{
  "tolerances": { "model_tolerance": 0.001 },
  "version_number": 1,
  "breps": [
    {
      "brep_id": 1,
      "faces": [
        {
          "brep_id": 2,
          "swapped_surface_normal": false,
          "surface": {
            "is_trimmed": true,
            "is_rational": false,
            "degrees": [ 2, 2 ],
            "knot_vectors": [
              [ 0, 0, 0, 2, 4, 4, 4 ],
              [ 0, 0, 0, 0.5, 1, 1, 1 ]
            ],
            "control_points": [
              [
                1,
                [ 0, 0, 0, 1 ]
              ],
              [
                2,
                [ 1, 0, 0, 1 ]
              ],
              [
                3,
                [ 3, 0, 0, 1 ]
              ],
              [
                4,
                [ 4, 0, 0, 1 ]
              ],
              [
                5,
                [ 0, 0.25, 0, 1 ]
              ],
              [
                6,
                [ 1, 0.25, 0, 1 ]
              ],
              [
                7,
                [ 3, 0.25, 0, 1 ]
              ],
              [
                8,
                [ 4, 0.25, 0, 1 ]
              ],
              [
                9,
                [ 0, 0.75, 0, 1 ]
              ],
              [
                10,
                [ 1, 0.75, 0, 1 ]
              ],
              [
                11,
                [ 3, 0.75, 0, 1 ]
              ],
              [
                12,
                [ 4, 0.75, 0, 1 ]
              ],
              [
                13,
                [ 0, 1, 0, 1 ]
              ],
              [
                14,
                [ 1, 1, 0, 1 ]
              ],
              [
                15,
                [ 3, 1, 0, 1 ]
              ],
              [
                16,
                [ 4, 1, 0, 1 ]
              ]
            ]
          },
          "boundary_loops": [
            {
              "loop_type": "outer",
              "trimming_curves": [
                {
                  "trim_index": 3,
                  "curve_direction": true,
                  "parameter_curve": {
                    "is_rational": false,
                    "degree": 3,
                    "knot_vector": [ -1.4142135623730951, -1.4142135623730951, -1.4142135623730951, -1.4142135623730951, -0.70710678118654757, -0.70710678118654757, -0.70710678118654757, 0, 0, 0, 0 ],
                    "active_range": [ -1.4142135623730951, 0 ],
                    "control_points": [
                      [
                        17,
                        [ 3.0000000000000009, 1, 0, 1 ]
                      ],
                      [
                        18,
                        [ 2.833333333333333, 0.83333333333333337, 0, 1 ]
                      ],
                      [
                        19,
                        [ 2.666666666666667, 0.66666666666666674, 0, 1 ]
                      ],
                      [
                        20,
                        [ 2.5, 0.5, 0, 1 ]
                      ],
                      [
                        21,
                        [ 2.333333333333333, 0.33333333333333337, 0, 1 ]
                      ],
                      [
                        22,
                        [ 2.1666666666666665, 0.16666666666666666, 0, 1 ]
                      ],
                      [
                        23,
                        [ 2, 0, 0, 1 ]
                      ]
                    ]
                  }
                },
                {
                  "trim_index": 0,
                  "curve_direction": true,
                  "parameter_curve": {
                    "is_rational": false,
                    "degree": 1,
                    "knot_vector": [ 2, 2, 4, 4 ],
                    "active_range": [ 2, 4 ],
                    "control_points": [
                      [
                        24,
                        [ 2, 0, 0, 1 ]
                      ],
                      [
                        25,
                        [ 4, 0, 0, 1 ]
                      ]
                    ]
                  }
                },
                {
                  "trim_index": 1,
                  "curve_direction": true,
                  "parameter_curve": {
                    "is_rational": false,
                    "degree": 1,
                    "knot_vector": [ 0, 0, 1, 1 ],
                    "active_range": [ 0, 1 ],
                    "control_points": [
                      [
                        26,
                        [ 4, 0, 0, 1 ]
                      ],
                      [
                        27,
                        [ 4, 1, 0, 1 ]
                      ]
                    ]
                  }
                },
                {
                  "trim_index": 2,
                  "curve_direction": true,
                  "parameter_curve": {
                    "is_rational": false,
                    "degree": 1,
                    "knot_vector": [ 0, 0, 0.99999999999999911, 0.99999999999999911 ],
                    "active_range": [ 0, 0.99999999999999911 ],
                    "control_points": [
                      [
                        28,
                        [ 4, 1, 0, 1 ]
                      ],
                      [
                        29,
                        [ 3.0000000000000009, 1, 0, 1 ]
                      ]
                    ]
                  }
                }
              ]
            }
          ],
          "embedded_loops": [],
          "embedded_edges": [],
          "embedded_points": []
        }
      ],
      "edges": [
        {
          "brep_id": 3,
          "3d_curve": {
            "degree": 2,
            "knot_vector": [ 0, 0, 0, 0.5, 1, 1, 1 ],
            "active_range": [ 0, 1 ],
            "control_points": [
              [
                30,
                [ 4, 0, 0, 1 ]
              ],
              [
                31,
                [ 4, 0.25, 0, 1 ]
              ],
              [
                32,
                [ 4, 0.75, 0, 1 ]
              ],
              [
                33,
                [ 4, 1, 0, 1 ]
              ]
            ]
          },
          "topology": [
            {
              "brep_id": 2,
              "trim_index": 0,
              "relative_direction": true
            }
          ]
        },
        {
          "brep_id": 4,
          "3d_curve": {
            "degree": 2,
            "knot_vector": [ -4, -4, -4, -3.0000000000000009, -3.0000000000000009, -3.0000000000000009 ],
            "active_range": [ -4, -3.0000000000000009 ],
            "control_points": [
              [
                34,
                [ 4, 1, 0, 1 ]
              ],
              [
                35,
                [ 3.5000000000000004, 1, 0, 1 ]
              ],
              [
                36,
                [ 3.0000000000000009, 1, 0, 1 ]
              ]
            ]
          },
          "topology": [
            {
              "brep_id": 2,
              "trim_index": 1,
              "relative_direction": true
            }
          ]
        },
        {
          "brep_id": 5,
          "3d_curve": {
            "degree": 1,
            "knot_vector": [ -1.4142135623730951, -1.4142135623730951, 0, 0 ],
            "active_range": [ -1.4142135623730951, 0 ],
            "control_points": [
              [
                37,
                [ 3.0000000000000009, 1, 0, 1 ]
              ],
              [
                38,
                [ 2, 0, 0, 1 ]
              ]
            ]
          },