{
  "tolerances": { "model_tolerance": 0.001 },
  "version_number": 1,
  "breps": [
    {
      "brep_id": 1,
      "faces": [
        {
          "brep_id": 2,
          "swapped_surface_normal": false,
          "surface": {
            "is_trimmed": true,
            "is_rational": false,
            "degrees": [ 2, 2 ],
            "knot_vectors": [
              [ 0, 0, 0, 0.04387625, 0.0877525, 0.13162875, 0.175505, 0.21938124999999997, 0.2632575, 0.30713375, 0.35101, 0.35101, 0.35101 ],
              [ 0, 0, 0, 0.009999999999999995, 0.01999999999999999, 0.01999999999999999, 0.01999999999999999 ]
            ],
            "control_points": [
              [
                1,
                [ 0.24899, 0.19, 0, 1 ]
              ],
              [
                2,
                [ 0.27092812499999996, 0.19, 0, 1 ]
              ],
              [
                3,
                [ 0.31480437499999997, 0.19, 0, 1 ]
              ],
              [
                4,
                [ 0.358680625, 0.19, 0, 1 ]
              ],
              [
                5,
                [ 0.40255687499999993, 0.19, 0, 1 ]
              ],
              [
                6,
                [ 0.446433125, 0.19, 0, 1 ]
              ],
              [
                7,
                [ 0.49030937499999994, 0.19, 0, 1 ]
              ],
              [
                8,
                [ 0.53418562499999989, 0.19, 0, 1 ]
              ],
              [
                9,
                [ 0.578061875, 0.19, 0, 1 ]
              ],
              [
                10,
                [ 0.6, 0.19, 0, 1 ]
              ],
              [
                11,
                [ 0.24899, 0.19500000000000003, 0, 1 ]
              ],
              [
                12,
                [ 0.27092812499999996, 0.195, 0, 1 ]
              ],
              [
                13,
                [ 0.31480437499999997, 0.195, 0, 1 ]
              ],
              [
                14,
                [ 0.358680625, 0.195, 0, 1 ]
              ],
              [
                15,
                [ 0.40255687499999993, 0.195, 0, 1 ]
              ],
              [
                16,
                [ 0.446433125, 0.195, 0, 1 ]
              ],
              [
                17,
                [ 0.49030937499999994, 0.195, 0, 1 ]
              ],
              [
                18,
                [ 0.53418562499999989, 0.195, 0, 1 ]
              ],
              [
                19,
                [ 0.57806187499999984, 0.195, 0, 1 ]
              ],
              [
                20,
                [ 0.59999999999999987, 0.19500000000000003, 0, 1 ]
              ],
              [
                21,
                [ 0.24899, 0.20500000000000002, 0, 1 ]
              ],
              [
                22,
                [ 0.27092812499999996, 0.20500000000000002, 0, 1 ]
              ],
              [
                23,
                [ 0.31480437499999997, 0.20500000000000002, 0, 1 ]
              ],
              [
                24,
                [ 0.358680625, 0.20500000000000002, 0, 1 ]
              ],
              [
                25,
                [ 0.40255687499999993, 0.20500000000000002, 0, 1 ]
              ],
              [
                26,
                [ 0.446433125, 0.20500000000000002, 0, 1 ]
              ],
              [
                27,
                [ 0.49030937499999994, 0.20500000000000002, 0, 1 ]
              ],
              [
                28,
                [ 0.53418562499999989, 0.20500000000000002, 0, 1 ]
              ],
              [
                29,
                [ 0.57806187499999984, 0.20500000000000002, 0, 1 ]
              ],
              [
                30,
                [ 0.59999999999999987, 0.20500000000000002, 0, 1 ]
              ],
              [
                31,
                [ 0.24899, 0.21, 0, 1 ]
              ],
              [
                32,
                [ 0.27092812499999996, 0.21000000000000002, 0, 1 ]
              ],
              [
                33,
                [ 0.31480437499999997, 0.21000000000000002, 0, 1 ]
              ],
              [
                34,
                [ 0.358680625, 0.21000000000000002, 0, 1 ]
              ],
              [
                35,
                [ 0.40255687499999993, 0.21000000000000002, 0, 1 ]
              ],
              [
                36,
                [ 0.446433125, 0.21000000000000002, 0, 1 ]
              ],
              [
                37,
                [ 0.49030937499999994, 0.21000000000000002, 0, 1 ]
              ],
              [
                38,
                [ 0.53418562499999989, 0.21000000000000002, 0, 1 ]
              ],
              [
                39,
                [ 0.578061875, 0.21, 0, 1 ]
              ],
              [
                40,
                [ 0.6, 0.21, 0, 1 ]
              ]
            ]
          },
          "boundary_loops": [
            {
              "loop_type": "outer",
              "trimming_curves": [
                {
                  "trim_index": 3,
                  "curve_direction": true,
                  "parameter_curve": {
                    "is_rational": true,
                    "degree": 2,
                    "knot_vector": [ -0.010066868730083948, -0.010066868730083948, -0.010066868730083948, 0, 0, 0 ],
                    "active_range": [ -0.010066868730083948, 0 ],
                    "control_points": [
                      [
                        41,
                        [ 9.8437248421956447E-08, 0.01999999999999999, 0, 1 ]
                      ],
                      [
                        42,
                        [ 0.0010099994884489333, 0.015050507618860029, 0, 0.99493919321973312 ]
                      ],
                      [
                        43,
                        [ 0.0010100000000000523, 0.010000000000000016, 0, 1 ]
                      ]
                    ]
                  }
                },
                {
                  "trim_index": 4,
                  "curve_direction": true,
                  "parameter_curve": {
                    "is_rational": true,
                    "degree": 2,
                    "knot_vector": [ -0.31415926535897931, -0.31415926535897931, -0.31415926535897931, -0.30409239662889542, -0.30409239662889542, -0.30409239662889542 ],
                    "active_range": [ -0.31415926535897931, -0.30409239662889542 ],
                    "control_points": [
                      [
                        44,
                        [ 0.0010100000000000523, 0.010000000000000016, 0, 1 ]
                      ],
                      [
                        45,
                        [ 0.0010099994884489605, 0.0049494923811399961, 0, 0.99493919321973256 ]
                      ],
                      [
                        46,
                        [ 9.8437248422214077E-08, 0, 0, 1 ]
                      ]
                    ]
                  }
                },
                {
                  "trim_index": 0,
                  "curve_direction": true,
                  "parameter_curve": {
                    "is_rational": false,
                    "degree": 1,
                    "knot_vector": [ 0, 0, 0.35101, 0.35101 ],
                    "active_range": [ 0, 0.35101 ],