{
  "tolerances": { "model_tolerance": 0.001 },
  "version_number": 1,
  "breps": [
    {
      "brep_id": 1,
      "faces": [
        {
          "brep_id": 2,
          "swapped_surface_normal": false,
          "surface": {
            "is_trimmed": true,
            "is_rational": false,
            "degrees": [ 2, 2 ],
            "knot_vectors": [
              [ 0, 0, 0, 2, 2, 2 ],
              [ 0, 0, 0, 1, 1, 1 ]
            ],
            "control_points": [
              [
                1,
                [ 0, 0, 0, 1 ]
              ],
              [
                2,
                [ 1, 0, 0, 1 ]
              ],
              [
                3,
                [ 2, 0, 0, 1 ]
              ],
              [
                4,
                [ 0, 0.5, 0, 1 ]
              ],
              [
                5,
                [ 1, 0.5, 0, 1 ]
              ],
              [
                6,
                [ 2, 0.5, 0, 1 ]
              ],
              [
                7,
                [ 0, 1, 0, 1 ]
              ],
              [
                8,
                [ 1, 1, 0, 1 ]
              ],
              [
                9,
                [ 2, 1, 0, 1 ]
              ]
            ]
          },
          "boundary_loops": [
            {
              "loop_type": "outer",
              "trimming_curves": [
                {
                  "trim_index": 1,
                  "curve_direction": true,
                  "parameter_curve": {
                    "is_rational": false,
                    "degree": 3,
                    "knot_vector": [ -1.1180339887498949, -1.1180339887498949, -1.1180339887498949, -1.1180339887498949, 0, 0, 0, 0 ],
                    "active_range": [ -1.1180339887498949, 0 ],
                    "control_points": [
                      [
                        10,
                        [ 1.4999999999999996, 0, 0, 1 ]
                      ],
                      [
                        11,
                        [ 1.6666666666666667, 0.33333333333333331, 0, 1 ]
                      ],
                      [
                        12,
                        [ 1.8333333333333333, 0.66666666666666674, 0, 1 ]
                      ],
                      [
                        13,
                        [ 2, 1, 0, 1 ]
                      ]
                    ]
                  }
                },
                {
                  "trim_index": 2,
                  "curve_direction": true,
                  "parameter_curve": {
                    "is_rational": false,
                    "degree": 1,
                    "knot_vector": [ 0, 0, 2, 2 ],
                    "active_range": [ 0, 2 ],
                    "control_points": [
                      [
                        14,
                        [ 2, 1, 0, 1 ]
                      ],
                      [
                        15,
                        [ 0, 1, 0, 1 ]
                      ]
                    ]
                  }
                },
                {
                  "trim_index": 3,
                  "curve_direction": true,
                  "parameter_curve": {
                    "is_rational": false,
                    "degree": 1,
                    "knot_vector": [ 0, 0, 1, 1 ],
                    "active_range": [ 0, 1 ],
                    "control_points": [
                      [
                        16,
                        [ 0, 1, 0, 1 ]
                      ],
                      [
                        17,
                        [ 0, 0, 0, 1 ]
                      ]
                    ]
                  }
                },
                {
                  "trim_index": 0,
                  "curve_direction": true,
                  "parameter_curve": {
                    "is_rational": false,
                    "degree": 1,
                    "knot_vector": [ 0, 0, 1.4999999999999996, 1.4999999999999996 ],
                    "active_range": [ 0, 1.4999999999999996 ],
                    "control_points": [
                      [
                        18,
                        [ 0, 0, 0, 1 ]
                      ],
                      [
                        19,
                        [ 1.4999999999999996, 0, 0, 1 ]
                      ]
                    ]
                  }
                }
              ]
            }
          ],
          "embedded_loops": [],
          "embedded_edges": [],
          "embedded_points": []
        }
      ],
      "edges": [
        {
          "brep_id": 3,
          "3d_curve": {
            "degree": 2,
            "knot_vector": [ 0, 0, 0, 1.4999999999999998, 1.4999999999999998, 1.4999999999999998 ],
            "active_range": [ 0, 1.4999999999999998 ],
            "control_points": [
              [
                20,
                [ 0, 0, 0, 1 ]
              ],
              [
                21,
                [ 0.74999999999999989, 0, 0, 1 ]
              ],
              [
                22,
                [ 1.4999999999999998, 0, 0, 1 ]
              ]
            ]
          },
          "topology": [
            {
              "brep_id": 2,
              "trim_index": 0,
              "relative_direction": true
            }
          ]
        },
        {
          "brep_id": 4,
          "3d_curve": {
            "degree": 2,
            "knot_vector": [ -2, -2, -2, 0, 0, 0 ],
            "active_range": [ -2, 0 ],
            "control_points": [
              [
                23,
                [ 2, 1, 0, 1 ]
              ],
              [
                24,
                [ 1, 1, 0, 1 ]
              ],
              [
                25,
                [ 0, 1, 0, 1 ]
              ]
            ]
          },
          "topology": [
            {
              "brep_id": 2,
              "trim_index": 1,
              "relative_direction": true
            }
          ]
        },
        {
          "brep_id": 5,
          "3d_curve": {
            "degree": 2,
            "knot_vector": [ -1, -1, -1, 0, 0, 0 ],
            "active_range": [ -1, 0 ],
            "control_points": [
              [
                26,
                [ 0, 1, 0, 1 ]
              ],
              [
                27,
                [ 0, 0.5, 0, 1 ]
              ],
              [
                28,
                [ 0, 0, 0, 1 ]
              ]
            ]
          },
          "topology": [
            {
              "brep_id": 2,
              "trim_index": 2,
              "relative_direction": true
            }
          ]
        },
        {
          "brep_id": 6,
          "3d_curve": {
            "degree": 1,
            "knot_vector": [ -1.1180339887498949, -1.1180339887498949, 0, 0 ],
            "active_range": [ -1.1180339887498949, 0 ],
            "control_points": [
              [
                29,
                [ 1.4999999999999998, 0, 0, 1 ]
              ],
              [
                30,
                [ 2, 1, 0, 1 ]
              ]
            ]
          },
          "topology": [
            {
              "brep_id": 2,
              "trim_index": 3,
              "relative_direction": true
            }
          ]
        }
      ],
      "vertices": []
    },
    {
      "brep_id": 8,
      "faces": [],
      "edges": [
        {
          "brep_id": 7,
          "3d_curve": {
            "degree": 1,
            "knot_vector": [ 0, 0, 1.1180339887498949, 1.1180339887498949 ],
            "active_range": [ 0, 1.1180339887498949 ],