{
  "TIME": [
    0.2,
    0.4,
    0.6000000000000001,
    0.8,
    1.0,
    1.2,
    1.4,
    1.5999999999999999,
    1.7999999999999998,
    1.9999999999999998,
    2.1999999999999997,
    2.4,
    2.6,
    2.8000000000000003,
    3.0000000000000004,
    3.2000000000000006,
    3.400000000000001,
    3.600000000000001,
    3.800000000000001,
    4.000000000000001,
    4.200000000000001,
    4.400000000000001,
    4.600000000000001,
    4.800000000000002,
    5.000000000000002,
    5.200000000000002,
    5.400000000000002,
    5.600000000000002,
    5.8000000000000025,
    6.000000000000003,
    6.200000000000003,
    6.400000000000003,
    6.600000000000003,
    6.800000000000003,
    7.0000000000000036,
    7.200000000000004,
    7.400000000000004,
    7.600000000000004,
    7.800000000000004,
    8.000000000000004,
    8.200000000000003,
    8.400000000000002,
    8.600000000000001,
    8.8,
    9.0,
    9.2,
    9.399999999999999,
    9.599999999999998,
    9.799999999999997,
    9.999999999999996,
    10.199999999999996,
    10.399999999999995,
    10.599999999999994,
    10.799999999999994,
    10.999999999999993,
    11.199999999999992,
    11.399999999999991,
    11.59999999999999,
    11.79999999999999,
    11.99999999999999,
    12.199999999999989,
    12.399999999999988,
    12.599999999999987,
    12.799999999999986,
    12.999999999999986,
    13.199999999999985,
    13.399999999999984
  ],
  "NODE_2177": {
    "DISPLACEMENT_Y": [
      -0.0015893935266732937,
      -0.0063802871962198825,
      -0.014233200878191198,
      -0.024375380639380766,
      -0.03687305670997582,
      -0.051256437131532606,
      -0.06529541085800572,
      -0.076921054736754,
      -0.08596670054362106,
      -0.09254807215867211,
      -0.09555359495079725,
      -0.0936695614410774,
      -0.08723042037489777,
      -0.07806151179895573,
      -0.06697383412442193,
      -0.053720527179952696,
      -0.03922570951878494,
      -0.025840799221150502,
      -0.015251298405555003,
      -0.007515193056083046,
      -0.0024297588492185325,
      -0.0012139515809543686,
      -0.005016745584470467,
      -0.012889754565459658,
      -0.023113869517179177,
      -0.035014428540935075,
      -0.04870789610838715,
      -0.06313356576290262,
      -0.07565831138694515,
      -0.08507108449619347,
      -0.09154584497043228,
      -0.09502739522097849,
      -0.09441295460244745,
      -0.08879263181591644,
      -0.07949970600561419,
      -0.06834721606670588,
      -0.055745070934773336,
      -0.04177344347928742,
      -0.02779797357469342,
      -0.01628172750600379,
      -0.008280698335512295,
      -0.0032599463460090353,
      -0.0014017231439039037,
      -0.003927980045484509,
      -0.011175776023382832,
      -0.021633633296577474,
      -0.033527081518976015,
      -0.04654475868182842,
      -0.06063536061477461,
      -0.07395478054530352,
      -0.0842568477447437,
      -0.09090020576099546,
      -0.09439383044466997,
      -0.09458174390629832,
      -0.09019960804883391,
      -0.08132937743384619,
      -0.06988704986023772,
      -0.057332450450029986,
      -0.04402765739701492,
      -0.0301778661824569,
      -0.017714309772155646,
      -0.00887236060737925,
      -0.0037592491686979325,
      -0.0018225131902258969,
      -0.0033907784644877413,
      -0.009496045502812342,
      -0.01973884856955929
    ]
  }
}