{
  "tolerances": { "model_tolerance": 0.001 },
  "version_number": 1,
  "breps": [
    {
      "brep_id": 1,
      "faces": [
        {
          "brep_id": 2,
          "swapped_surface_normal": false,
          "surface": {
            "is_trimmed": true,
            "is_rational": false,
            "degrees": [ 2, 2 ],
            "knot_vectors": [
              [ 0, 0, 0, 1.5, 3, 3, 3 ],
              [ 0, 0, 0, 0.5, 1, 1, 1 ]
            ],
            "control_points": [
              [
                1,
                [ 0, 0, 0, 1 ]
              ],
              [
                2,
                [ 0.75, 0, 0, 1 ]
              ],
              [
                3,
                [ 2.25, 0, 0, 1 ]
              ],
              [
                4,
                [ 3, 0, 0, 1 ]
              ],
              [
                5,
                [ 0, 0.25, 0, 1 ]
              ],
              [
                6,
                [ 0.75, 0.25, 0, 1 ]
              ],
              [
                7,
                [ 2.25, 0.25, 0, 1 ]
              ],
              [
                8,
                [ 3, 0.25, 0, 1 ]
              ],
              [
                9,
                [ 0, 0.75, 0, 1 ]
              ],
              [
                10,
                [ 0.75, 0.75, 0, 1 ]
              ],
              [
                11,
                [ 2.25, 0.75, 0, 1 ]
              ],
              [
                12,
                [ 3, 0.75, 0, 1 ]
              ],
              [
                13,
                [ 0, 1, 0, 1 ]
              ],
              [
                14,
                [ 0.75, 1, 0, 1 ]
              ],
              [
                15,
                [ 2.25, 1, 0, 1 ]
              ],
              [
                16,
                [ 3, 1, 0, 1 ]
              ]
            ]
          },
          "boundary_loops": [
            {
              "loop_type": "outer",
              "trimming_curves": [
                {
                  "trim_index": 1,
                  "curve_direction": true,
                  "parameter_curve": {
                    "is_rational": false,
                    "degree": 3,
                    "knot_vector": [ 0, 0, 0, 0, 0.64227008554388532, 0.64227008554388532, 0.64227008554388532, 1.0437878146528738, 1.0437878146528738, 1.0437878146528738, 1.5707963267948966, 1.5707963267948966, 1.5707963267948966, 1.5707963267948966 ],
                    "active_range": [ 0, 1.5707963267948966 ],
                    "control_points": [
                      [
                        17,
                        [ 2, 0.5, 0, 1 ]
                      ],
                      [
                        18,
                        [ 2, 0.58939580154885185, 0, 1 ]
                      ],
                      [
                        19,
                        [ 2.0482141376432215, 0.681847095784363, 0, 1 ]
                      ],
                      [
                        20,
                        [ 2.1516507193150027, 0.76471848158055034, 0, 1 ]
                      ],
                      [
                        21,
                        [ 2.2163145146784133, 0.81652586196760779, 0, 1 ]
                      ],
                      [
                        22,
                        [ 2.3053319319201484, 0.86660851694414243, 0, 1 ]
                      ],
                      [
                        23,
                        [ 2.4211427721136713, 0.907714455772658, 0, 1 ]
                      ],
                      [
                        24,
                        [ 2.5731492568976568, 0.96166768894691868, 0, 1 ]
                      ],
                      [
                        25,
                        [ 2.7726214213185139, 1, 0, 1 ]
                      ],
                      [
                        26,
                        [ 3, 1, 0, 1 ]
                      ]
                    ]
                  }
                },
                {
                  "trim_index": 2,
                  "curve_direction": true,
                  "parameter_curve": {
                    "is_rational": false,
                    "degree": 1,
                    "knot_vector": [ 0, 0, 3, 3 ],
                    "active_range": [ 0, 3 ],
                    "control_points": [
                      [
                        27,
                        [ 3, 1, 0, 1 ]
                      ],
                      [
                        28,
                        [ 0, 1, 0, 1 ]
                      ]
                    ]
                  }
                },
                {
                  "trim_index": 3,
                  "curve_direction": true,
                  "parameter_curve": {
                    "is_rational": false,
                    "degree": 1,
                    "knot_vector": [ 0, 0, 1, 1 ],
                    "active_range": [ 0, 1 ],
                    "control_points": [
                      [
                        29,
                        [ 0, 1, 0, 1 ]
                      ],
                      [
                        30,
                        [ 0, 0, 0, 1 ]
                      ]
                    ]
                  }
                },
                {
                  "trim_index": 0,
                  "curve_direction": true,
                  "parameter_curve": {
                    "is_rational": false,
                    "degree": 1,
                    "knot_vector": [ 0, 0, 3, 3 ],
                    "active_range": [ 0, 3 ],
                    "control_points": [
                      [
                        31,
                        [ 0, 0, 0, 1 ]
                      ],
                      [
                        32,
                        [ 3, 0, 0, 1 ]
                      ]
                    ]
                  }
                },
                {
                  "trim_index": 4,
                  "curve_direction": true,
                  "parameter_curve": {
                    "is_rational": false,
                    "degree": 3,
                    "knot_vector": [ 4.71238898038469, 4.71238898038469, 4.71238898038469, 4.71238898038469, 5.2393974925267148, 5.2393974925267148, 5.2393974925267148, 5.6409152216357148, 5.6409152216357148, 5.6409152216357148, 6.2831853071795862, 6.2831853071795862, 6.2831853071795862, 6.2831853071795862 ],
                    "active_range": [ 4.71238898038469, 6.2831853071795862 ],