{
  "tolerances": { "model_tolerance": 0.001 },
  "version_number": 1,
  "breps": [
    {
      "brep_id": 1,
      "faces": [
        {
          "brep_id": 2,
          "swapped_surface_normal": false,
          "surface": {
            "is_trimmed": true,
            "is_rational": false,
            "degrees": [ 2, 2 ],
            "knot_vectors": [
              [ 0, 0, 0, 0.1255, 0.251, 0.3765, 0.502, 0.6275, 0.753, 0.87850000000000006, 1.004, 1.004, 1.004 ],
              [ 0, 0, 0, 0.1255, 0.251, 0.3765, 0.502, 0.6275, 0.753, 0.87850000000000006, 1.004, 1.004, 1.004 ]
            ],
            "control_points": [
              [
                1,
                [ -0.002, -0.002, 0, 1 ]
              ],
              [
                2,
                [ 0.060749999999999985, -0.002, 0, 1 ]
              ],
              [
                3,
                [ 0.18624999999999997, -0.002, 0, 1 ]
              ],
              [
                4,
                [ 0.31174999999999997, -0.002, 0, 1 ]
              ],
              [
                5,
                [ 0.43724999999999997, -0.002, 0, 1 ]
              ],
              [
                6,
                [ 0.56274999999999986, -0.002, 0, 1 ]
              ],
              [
                7,
                [ 0.68824999999999992, -0.002, 0, 1 ]
              ],
              [
                8,
                [ 0.81375, -0.002, 0, 1 ]
              ],
              [
                9,
                [ 0.93924999999999992, -0.002, 0, 1 ]
              ],
              [
                10,
                [ 1.002, -0.002, 0, 1 ]
              ],
              [
                11,
                [ -0.002, 0.060749999999999985, 0, 1 ]
              ],
              [
                12,
                [ 0.060749999999999985, 0.060749999999999985, 0, 1 ]
              ],
              [
                13,
                [ 0.18624999999999997, 0.060749999999999992, 0, 1 ]
              ],
              [
                14,
                [ 0.31174999999999997, 0.060749999999999985, 0, 1 ]
              ],
              [
                15,
                [ 0.43724999999999997, 0.060749999999999992, 0, 1 ]
              ],
              [
                16,
                [ 0.56274999999999986, 0.06075, 0, 1 ]
              ],
              [
                17,
                [ 0.68824999999999992, 0.06075, 0, 1 ]
              ],
              [
                18,
                [ 0.81375, 0.060749999999999992, 0, 1 ]
              ],
              [
                19,
                [ 0.93925, 0.060749999999999985, 0, 1 ]
              ],
              [
                20,
                [ 1.0020000000000002, 0.060749999999999985, 0, 1 ]
              ],
              [
                21,
                [ -0.002, 0.18624999999999997, 0, 1 ]
              ],
              [
                22,
                [ 0.060749999999999985, 0.18624999999999997, 0, 1 ]
              ],
              [
                23,
                [ 0.18624999999999997, 0.18624999999999997, 0, 1 ]
              ],
              [
                24,
                [ 0.31174999999999997, 0.18624999999999997, 0, 1 ]
              ],
              [
                25,
                [ 0.43724999999999997, 0.18624999999999997, 0, 1 ]
              ],
              [
                26,
                [ 0.56274999999999986, 0.18625000000000003, 0, 1 ]
              ],
              [
                27,
                [ 0.68824999999999992, 0.18625000000000003, 0, 1 ]
              ],
              [
                28,
                [ 0.81375, 0.18624999999999997, 0, 1 ]
              ],
              [
                29,
                [ 0.93925000000000014, 0.18624999999999997, 0, 1 ]
              ],
              [
                30,
                [ 1.0020000000000002, 0.18624999999999997, 0, 1 ]
              ],
              [
                31,
                [ -0.002, 0.31174999999999997, 0, 1 ]
              ],
              [
                32,
                [ 0.060749999999999985, 0.31174999999999997, 0, 1 ]
              ],
              [
                33,
                [ 0.18624999999999997, 0.31174999999999997, 0, 1 ]
              ],
              [
                34,
                [ 0.31174999999999997, 0.31174999999999997, 0, 1 ]
              ],
              [
                35,
                [ 0.43725, 0.31174999999999997, 0, 1 ]
              ],
              [
                36,
                [ 0.56274999999999986, 0.31175000000000008, 0, 1 ]
              ],
              [
                37,
                [ 0.68824999999999992, 0.31175000000000008, 0, 1 ]
              ],
              [
                38,
                [ 0.81375, 0.31174999999999997, 0, 1 ]
              ],
              [
                39,
                [ 0.93925000000000014, 0.31174999999999997, 0, 1 ]
              ],
              [
                40,
                [ 1.0020000000000002, 0.31174999999999997, 0, 1 ]
              ],
              [
                41,
                [ -0.002, 0.43724999999999997, 0, 1 ]
              ],
              [
                42,
                [ 0.060749999999999985, 0.43724999999999997, 0, 1 ]
              ],
              [
                43,
                [ 0.18624999999999997, 0.43724999999999997, 0, 1 ]
              ],
              [
                44,
                [ 0.31174999999999997, 0.43725, 0, 1 ]
              ],
              [
                45,
                [ 0.43724999999999997, 0.43725, 0, 1 ]
              ],
              [
                46,
                [ 0.56274999999999986, 0.43725, 0, 1 ]
              ],
              [
                47,
                [ 0.68824999999999992, 0.43725, 0, 1 ]
              ],
              [
                48,
                [ 0.81375, 0.43724999999999997, 0, 1 ]
              ],
              [
                49,
                [ 0.93925000000000014, 0.43724999999999997, 0, 1 ]
              ],
              [
                50,
                [ 1.0020000000000002, 0.43724999999999997, 0, 1 ]
              ],
              [
                51,
                [ -0.002, 0.56274999999999986, 0, 1 ]
              ],
              [
                52,
                [ 0.060749999999999985, 0.56274999999999986, 0, 1 ]
              ],
              [
                53,
                [ 0.18624999999999997, 0.56274999999999986, 0, 1 ]
              ],
              [
                54,
                [ 0.31174999999999997, 0.56275, 0, 1 ]
              ],
              [
                55,
                [ 0.43724999999999997, 0.56275, 0, 1 ]
              ],
              [
                56,
                [ 0.56274999999999986, 0.56275, 0, 1 ]
              ],
              [
                57,
                [ 0.68824999999999992, 0.56275, 0, 1 ]
              ],
              [
                58,
                [ 0.81375, 0.56274999999999986, 0, 1 ]
              ],
              [
                59,
                [ 0.93925000000000014, 0.56274999999999986, 0, 1 ]
              ],
              [
                60,
                [ 1.0020000000000002, 0.56274999999999986, 0, 1 ]
              ],
              [
                61,
                [ -0.002, 0.68824999999999992, 0, 1 ]
              ],
              [
                62,
                [ 0.060749999999999985, 0.68824999999999992, 0, 1 ]
              ],
              [
                63,
                [ 0.18624999999999997, 0.68824999999999992, 0, 1 ]
