{
  "tolerances": { "model_tolerance": 0.001 },
  "version_number": 1,
  "breps": [
    {
      "brep_id": 1,
      "faces": [
        {
          "brep_id": 2,
          "swapped_surface_normal": false,
          "surface": {
            "is_trimmed": true,
            "is_rational": false,
            "degrees": [ 2, 2 ],
            "knot_vectors": [
              [ 0, 0, 0, 0.251, 0.502, 0.753, 1.004, 1.004, 1.004 ],
              [ 0, 0, 0, 0.251, 0.502, 0.753, 1.004, 1.004, 1.004 ]
            ],
            "control_points": [
              [
                1,
                [ -0.002, -0.002, -0.005, 1 ]
              ],
              [
                2,
                [ 0.12349999999999997, -0.002, -0.005, 1 ]
              ],
              [
                3,
                [ 0.37449999999999994, -0.002, -0.005, 1 ]
              ],
              [
                4,
                [ 0.6255, -0.002, -0.005, 1 ]
              ],
              [
                5,
                [ 0.8765, -0.002, -0.005, 1 ]
              ],
              [
                6,
                [ 1.002, -0.002, -0.005, 1 ]
              ],
              [
                7,
                [ -0.002, 0.12349999999999997, -0.005, 1 ]
              ],
              [
                8,
                [ 0.12349999999999997, 0.12349999999999997, -0.005, 1 ]
              ],
              [
                9,
                [ 0.37449999999999994, 0.12349999999999998, -0.005, 1 ]
              ],
              [
                10,
                [ 0.6255, 0.1235, 0, 1 ]
              ],
              [
                11,
                [ 0.87650000000000006, 0.12349999999999997, -0.005, 1 ]
              ],
              [
                12,
                [ 1.0020000000000002, 0.12349999999999997, -0.005, 1 ]
              ],
              [
                13,
                [ -0.002, 0.37449999999999994, -0.005, 1 ]
              ],
              [
                14,
                [ 0.12349999999999997, 0.37449999999999994, -0.005, 1 ]
              ],
              [
                15,
                [ 0.37449999999999994, 0.3745, -0.005, 1 ]
              ],
              [
                16,
                [ 0.6255, 0.37450000000000006, -0.005, 1 ]
              ],
              [
                17,
                [ 0.87650000000000006, 0.37449999999999994, -0.005, 1 ]
              ],
              [
                18,
                [ 1.0020000000000002, 0.37449999999999994, -0.005, 1 ]
              ],
              [
                19,
                [ -0.002, 0.6255, -0.005, 1 ]
              ],
              [
                20,
                [ 0.12349999999999997, 0.6255, -0.005, 1 ]
              ],
              [
                21,
                [ 0.37449999999999994, 0.62550000000000006, -0.005, 1 ]
              ],
              [
                22,
                [ 0.6255, 0.62550000000000006, -0.005, 1 ]
              ],
              [
                23,
                [ 0.87650000000000006, 0.6255, -0.005, 1 ]
              ],
              [
                24,
                [ 1.0020000000000002, 0.6255, -0.005, 1 ]
              ],
              [
                25,
                [ -0.002, 0.8765, -0.005, 1 ]
              ],
              [
                26,
                [ 0.12349999999999997, 0.87650000000000006, -0.005, 1 ]
              ],
              [
                27,
                [ 0.37449999999999994, 0.87650000000000017, -0.005, 1 ]
              ],
              [
                28,
                [ 0.6255, 0.87650000000000017, -0.005, 1 ]
              ],
              [
                29,
                [ 0.87650000000000006, 0.87650000000000006, -0.005, 1 ]
              ],
              [
                30,
                [ 1.0020000000000002, 0.8765, -0.005, 1 ]
              ],
              [
                31,
                [ -0.002, 1.002, -0.005, 1 ]
              ],
              [
                32,
                [ 0.12349999999999997, 1.0020000000000002, -0.005, 1 ]
              ],
              [
                33,
                [ 0.37449999999999994, 1.0020000000000002, -0.005, 1 ]
              ],
              [
                34,
                [ 0.6255, 1.0020000000000002, -0.005, 1 ]
              ],
              [
                35,
                [ 0.8765, 1.0020000000000002, -0.005, 1 ]
              ],
              [
                36,
                [ 1.002, 1.002, -0.005, 1 ]
              ]
            ]
          },
          "boundary_loops": [
            {
              "loop_type": "outer",
              "trimming_curves": [
                {
                  "trim_index": 0,
                  "curve_direction": true,
                  "parameter_curve": {
                    "is_rational": false,
                    "degree": 1,
                    "knot_vector": [ 0, 0, 1.004, 1.004 ],
                    "active_range": [ 0, 1.004 ],
                    "control_points": [
                      [
                        37,
                        [ 0, 0, 0, 1 ]
                      ],
                      [
                        38,
                        [ 1.004, 0, 0, 1 ]
                      ]
                    ]
                  }
                },
                {
                  "trim_index": 1,
                  "curve_direction": true,
                  "parameter_curve": {
                    "is_rational": false,
                    "degree": 1,
                    "knot_vector": [ 0, 0, 1.004, 1.004 ],
                    "active_range": [ 0, 1.004 ],
                    "control_points": [
                      [
                        39,
                        [ 1.004, 0, 0, 1 ]
                      ],
                      [
                        40,
                        [ 1.004, 1.004, 0, 1 ]
                      ]
                    ]
                  }
                },
                {
                  "trim_index": 2,
                  "curve_direction": true,
                  "parameter_curve": {
                    "is_rational": false,
                    "degree": 1,
                    "knot_vector": [ 0, 0, 1.004, 1.004 ],
                    "active_range": [ 0, 1.004 ],
                    "control_points": [
                      [
                        41,
                        [ 1.004, 1.004, 0, 1 ]
                      ],
                      [
                        42,
                        [ 0, 1.004, 0, 1 ]
                      ]
                    ]
                  }
                },
                {
                  "trim_index": 3,
                  "curve_direction": true,
                  "parameter_curve": {
                    "is_rational": false,
                    "degree": 1,
                    "knot_vector": [ 0, 0, 1.004, 1.004 ],
                    "active_range": [ 0, 1.004 ],
                    "control_points": [
                      [
                        43,
                        [ 0, 1.004, 0, 1 ]
                      ],
                      [
                        44,
                        [ 0, 0, 0, 1 ]
                      ]
                    ]
                  }
                }
              ]
            }
          ],
          "embedded_loops": [],
          "embedded_edges": [],
          "embedded_points": []
        }
      ],
      "edges": [
        {
          "brep_id": 3,
          "3d_curve": {
            "degree": 2,
            "knot_vector": [ 0, 0, 0, 1.004, 1.004, 1.004 ],
            "active_range": [ 0, 1.004 ],