{
  "tolerances": { "model_tolerance": 0.001 },
  "version_number": 1,
  "breps": [
    {
      "brep_id": 1,
      "faces": [
        {
          "brep_id": 2,
          "swapped_surface_normal": false,
          "surface": {
            "is_trimmed": true,
            "is_rational": false,
            "degrees": [ 2, 2 ],
            "knot_vectors": [
              [ 0, 0, 0, 0.26516504294495535, 0.53033008588991071, 0.79549512883486606, 1.0606601717798214, 1.3258252147247767, 1.5909902576697321, 1.8561553006146876, 2.1213203435596428, 2.1213203435596428, 2.1213203435596428 ],
              [ 0, 0, 0, 0.26516504294495535, 0.53033008588991071, 0.79549512883486606, 1.0606601717798214, 1.3258252147247767, 1.5909902576697321, 1.8561553006146876, 2.1213203435596428, 2.1213203435596428, 2.1213203435596428 ]
            ],
            "control_points": [
              [
                1,
                [ -1, 0.5, 0, 1 ]
              ],
              [
                2,
                [ -0.90625, 0.59375, 0, 1 ]
              ],
              [
                3,
                [ -0.71875, 0.78125, 0, 1 ]
              ],
              [
                4,
                [ -0.53125, 0.96875, 0, 1 ]
              ],
              [
                5,
                [ -0.34375, 1.15625, 0, 1 ]
              ],
              [
                6,
                [ -0.15625000000000006, 1.34375, 0, 1 ]
              ],
              [
                7,
                [ 0.031249999999999951, 1.53125, 0, 1 ]
              ],
              [
                8,
                [ 0.21875000000000006, 1.71875, 0, 1 ]
              ],
              [
                9,
                [ 0.40625000000000006, 1.90625, 0, 1 ]
              ],
              [
                10,
                [ 0.5, 2, 0, 1 ]
              ],
              [
                11,
                [ -0.90625, 0.40625, 0, 1 ]
              ],
              [
                12,
                [ -0.8125, 0.5, 0, 1 ]
              ],
              [
                13,
                [ -0.625, 0.6875, 0, 1 ]
              ],
              [
                14,
                [ -0.4375, 0.875, 0, 1 ]
              ],
              [
                15,
                [ -0.25, 1.0625, 0, 1 ]
              ],
              [
                16,
                [ -0.062500000000000056, 1.25, 0, 1 ]
              ],
              [
                17,
                [ 0.12499999999999994, 1.4375, 0, 1 ]
              ],
              [
                18,
                [ 0.3125, 1.625, 0, 1 ]
              ],
              [
                19,
                [ 0.5, 1.8125, 0, 1 ]
              ],
              [
                20,
                [ 0.59375, 1.90625, 0, 1 ]
              ],
              [
                21,
                [ -0.71875, 0.21875, 0, 1 ]
              ],
              [
                22,
                [ -0.625, 0.3125, 0, 1 ]
              ],
              [
                23,
                [ -0.4375, 0.5, 0, 1 ]
              ],
              [
                24,
                [ -0.25, 0.6875, 0, 1 ]
              ],
              [
                25,
                [ -0.0625, 0.875, 0, 1 ]
              ],
              [
                26,
                [ 0.12499999999999996, 1.0625, 0, 1 ]
              ],
              [
                27,
                [ 0.31249999999999994, 1.25, 0, 1 ]
              ],
              [
                28,
                [ 0.5, 1.4375, 0, 1 ]
              ],
              [
                29,
                [ 0.6875, 1.625, 0, 1 ]
              ],
              [
                30,
                [ 0.78125, 1.71875, 0, 1 ]
              ],
              [
                31,
                [ -0.53125, 0.031250000000000007, 0, 1 ]
              ],
              [
                32,
                [ -0.4375, 0.12500000000000003, 0, 1 ]
              ],
              [
                33,
                [ -0.25, 0.3125, 0, 1 ]
              ],
              [
                34,
                [ -0.062500000000000028, 0.5, 0, 1 ]
              ],
              [
                35,
                [ 0.12499999999999997, 0.6875, 0, 1 ]
              ],
              [
                36,
                [ 0.31249999999999989, 0.875, 0, 1 ]
              ],
              [
                37,
                [ 0.5, 1.0625, 0, 1 ]
              ],
              [
                38,
                [ 0.6875, 1.25, 0, 1 ]
              ],
              [
                39,
                [ 0.875, 1.4375, 0, 1 ]
              ],
              [
                40,
                [ 0.96875, 1.53125, 0, 1 ]
              ],
              [
                41,
                [ -0.34375, -0.15625, 0, 1 ]
              ],
              [
                42,
                [ -0.25, -0.062499999999999986, 0, 1 ]
              ],
              [
                43,
                [ -0.0625, 0.125, 0, 1 ]
              ],
              [
                44,
                [ 0.12499999999999999, 0.3125, 0, 1 ]
              ],
              [
                45,
                [ 0.3125, 0.5, 0, 1 ]
              ],
              [
                46,
                [ 0.49999999999999994, 0.6875, 0, 1 ]
              ],
              [
                47,
                [ 0.6875, 0.875, 0, 1 ]
              ],
              [
                48,
                [ 0.875, 1.0625, 0, 1 ]
              ],
              [
                49,
                [ 1.0625, 1.25, 0, 1 ]
              ],
              [
                50,
                [ 1.15625, 1.34375, 0, 1 ]
              ],
              [
                51,
                [ -0.15625000000000006, -0.34374999999999994, 0, 1 ]
              ],
              [
                52,
                [ -0.062500000000000056, -0.24999999999999992, 0, 1 ]
              ],
              [
                53,
                [ 0.12499999999999994, -0.062499999999999917, 0, 1 ]
              ],
              [
                54,
                [ 0.31249999999999994, 0.12500000000000006, 0, 1 ]
              ],
              [
                55,
                [ 0.5, 0.31250000000000006, 0, 1 ]
              ],
              [
                56,
                [ 0.6875, 0.5, 0, 1 ]
              ],
              [
                57,
                [ 0.87499999999999989, 0.6875, 0, 1 ]
              ],
              [
                58,
                [ 1.0625, 0.87500000000000011, 0, 1 ]
              ],
              [
                59,
                [ 1.25, 1.0625, 0, 1 ]
              ],
              [
                60,
                [ 1.34375, 1.15625, 0, 1 ]
              ],
              [
                61,
                [ 0.031249999999999951, -0.53124999999999989, 0, 1 ]
              ],
              [
                62,
                [ 0.12499999999999994, -0.43749999999999989, 0, 1 ]
              ],
              [
                63,
                [ 0.31249999999999994, -0.24999999999999992, 0, 1 ]
              ],
              [
                64,
                [ 0.5, -0.062499999999999938, 0, 1 ]
              ],
              [
                65,
                [ 0.6875, 0.12500000000000006, 0, 1 ]
              ],
              [
                66,
                [ 0.875, 0.31250000000000006, 0, 1 ]
              ],
              [
                67,
                [ 1.0625, 0.5, 0, 1 ]
              ],
              [
                68,
                [ 1.25, 0.68750000000000011, 0, 1 ]
