{
  "tolerances": { "model_tolerance": 0.001 },
  "version_number": 1,
  "breps": [
    {
      "brep_id": 1,
      "faces": [
        {
          "brep_id": 2,
          "swapped_surface_normal": false,
          "surface": {
            "is_trimmed": true,
            "is_rational": false,
            "degrees": [ 2, 2 ],
            "knot_vectors": [
              [ 0, 0, 0, 0.6875, 1.375, 2.0625, 2.75, 3.4375, 4.125, 4.8125, 5.5, 5.5, 5.5 ],
              [ 0, 0, 0, 0.5, 1, 1, 1 ]
            ],
            "control_points": [
              [
                1,
                [ -1.5, 0, 0, 1 ]
              ],
              [
                2,
                [ -1.15625, 0, 0, 1 ]
              ],
              [
                3,
                [ -0.46875, 0, 0, 1 ]
              ],
              [
                4,
                [ 0.21874999999999997, 0, 0, 1 ]
              ],
              [
                5,
                [ 0.90625, 0, 0, 1 ]
              ],
              [
                6,
                [ 1.59375, 0, 0, 1 ]
              ],
              [
                7,
                [ 2.28125, 0, 0, 1 ]
              ],
              [
                8,
                [ 2.96875, 0, 0, 1 ]
              ],
              [
                9,
                [ 3.65625, 0, 0, 1 ]
              ],
              [
                10,
                [ 4, 0, 0, 1 ]
              ],
              [
                11,
                [ -1.5, 0.25, 0, 1 ]
              ],
              [
                12,
                [ -1.15625, 0.25, 0, 1 ]
              ],
              [
                13,
                [ -0.46875, 0.25, 0, 1 ]
              ],
              [
                14,
                [ 0.21874999999999997, 0.25, 0, 1 ]
              ],
              [
                15,
                [ 0.90625, 0.25, 0, 1 ]
              ],
              [
                16,
                [ 1.59375, 0.25, 0, 1 ]
              ],
              [
                17,
                [ 2.28125, 0.25, 0, 1 ]
              ],
              [
                18,
                [ 2.96875, 0.25, 0, 1 ]
              ],
              [
                19,
                [ 3.65625, 0.25, 0, 1 ]
              ],
              [
                20,
                [ 4, 0.25, 0, 1 ]
              ],
              [
                21,
                [ -1.5, 0.75, 0, 1 ]
              ],
              [
                22,
                [ -1.15625, 0.75, 0, 1 ]
              ],
              [
                23,
                [ -0.46875, 0.75, 0, 1 ]
              ],
              [
                24,
                [ 0.21874999999999997, 0.75, 0, 1 ]
              ],
              [
                25,
                [ 0.90625, 0.75, 0, 1 ]
              ],
              [
                26,
                [ 1.59375, 0.75, 0, 1 ]
              ],
              [
                27,
                [ 2.28125, 0.75, 0, 1 ]
              ],
              [
                28,
                [ 2.96875, 0.75, 0, 1 ]
              ],
              [
                29,
                [ 3.65625, 0.75, 0, 1 ]
              ],
              [
                30,
                [ 4, 0.75, 0, 1 ]
              ],
              [
                31,
                [ -1.5, 1, 0, 1 ]
              ],
              [
                32,
                [ -1.15625, 1, 0, 1 ]
              ],
              [
                33,
                [ -0.46875, 1, 0, 1 ]
              ],
              [
                34,
                [ 0.21874999999999997, 1, 0, 1 ]
              ],
              [
                35,
                [ 0.90625, 1, 0, 1 ]
              ],
              [
                36,
                [ 1.59375, 1, 0, 1 ]
              ],
              [
                37,
                [ 2.28125, 1, 0, 1 ]
              ],
              [
                38,
                [ 2.96875, 1, 0, 1 ]
              ],
              [
                39,
                [ 3.65625, 1, 0, 1 ]
              ],
              [
                40,
                [ 4, 1, 0, 1 ]
              ]
            ]
          },
          "boundary_loops": [
            {
              "loop_type": "outer",
              "trimming_curves": [
                {
                  "trim_index": 0,
                  "curve_direction": true,
                  "parameter_curve": {
                    "is_rational": false,
                    "degree": 1,
                    "knot_vector": [ 3.5, 3.5, 5.5, 5.5 ],
                    "active_range": [ 3.5, 5.5 ],
                    "control_points": [
                      [
                        41,
                        [ 3.5, 0, 0, 1 ]
                      ],
                      [
                        42,
                        [ 5.5, 0, 0, 1 ]
                      ]
                    ]
                  }
                },
                {
                  "trim_index": 1,
                  "curve_direction": true,
                  "parameter_curve": {
                    "is_rational": false,
                    "degree": 1,
                    "knot_vector": [ 0, 0, 1, 1 ],
                    "active_range": [ 0, 1 ],
                    "control_points": [
                      [
                        43,
                        [ 5.5, 0, 0, 1 ]
                      ],
                      [
                        44,
                        [ 5.5, 1, 0, 1 ]
                      ]
                    ]
                  }
                },
                {
                  "trim_index": 2,
                  "curve_direction": true,
                  "parameter_curve": {
                    "is_rational": false,
                    "degree": 1,
                    "knot_vector": [ 0, 0, 2, 2 ],
                    "active_range": [ 0, 2 ],
                    "control_points": [
                      [
                        45,
                        [ 5.5, 1, 0, 1 ]
                      ],
                      [
                        46,
                        [ 3.5, 1, 0, 1 ]
                      ]
                    ]
                  }
                },
                {
                  "trim_index": 3,
                  "curve_direction": true,
                  "parameter_curve": {
                    "is_rational": false,
                    "degree": 3,
                    "knot_vector": [ 0, 0, 0, 0, 0.5, 0.5, 0.5, 1, 1, 1, 1 ],
                    "active_range": [ 0, 1 ],
                    "control_points": [
                      [
                        47,
                        [ 3.5, 1, 0, 1 ]
                      ],
                      [
                        48,
                        [ 3.5, 0.83333333333333337, 0, 1 ]
                      ],
                      [
                        49,
                        [ 3.5, 0.66666666666666674, 0, 1 ]
                      ],
                      [
                        50,
                        [ 3.5, 0.5, 0, 1 ]
                      ],
                      [
                        51,
                        [ 3.5, 0.33333333333333331, 0, 1 ]
                      ],
                      [
                        52,
                        [ 3.5, 0.16666666666666666, 0, 1 ]
                      ],
                      [
                        53,
                        [ 3.5, 0, 0, 1 ]
                      ]
                    ]
                  }
                }
              ]
            }
          ],
          "embedded_loops": [],