{
  "TIME": [
    0.035,
    0.07,
    0.10500000000000001,
    0.14,
    0.17500000000000002,
    0.21000000000000002,
    0.24500000000000002,
    0.28,
    0.31500000000000006,
    0.3500000000000001,
    0.3850000000000001,
    0.42000000000000015,
    0.4550000000000002,
    0.4900000000000002,
    0.5250000000000002,
    0.5600000000000003,
    0.5950000000000003,
    0.6300000000000003,
    0.6650000000000004,
    0.7000000000000004,
    0.7350000000000004,
    0.7700000000000005,
    0.8050000000000005,
    0.8400000000000005,
    0.8750000000000006,
    0.9100000000000006,
    0.9450000000000006,
    0.9800000000000006,
    1.0150000000000006,
    1.0500000000000005,
    1.0850000000000004,
    1.1200000000000003,
    1.1550000000000002,
    1.1900000000000002,
    1.225,
    1.26,
    1.295,
    1.3299999999999998,
    1.3649999999999998,
    1.3999999999999997,
    1.4349999999999996,
    1.4699999999999995,
    1.5049999999999994,
    1.5399999999999994,
    1.5749999999999993,
    1.6099999999999992,
    1.6449999999999991,
    1.679999999999999,
    1.714999999999999,
    1.749999999999999,
    1.7849999999999988,
    1.8199999999999987,
    1.8549999999999986,
    1.8899999999999986,
    1.9249999999999985,
    1.9599999999999984,
    1.9949999999999983,
    2.0299999999999985,
    2.0649999999999986,
    2.0999999999999988,
    2.134999999999999,
    2.169999999999999,
    2.204999999999999,
    2.2399999999999993,
    2.2749999999999995,
    2.3099999999999996,
    2.3449999999999998,
    2.38,
    2.415,
    2.45,
    2.4850000000000003,
    2.5200000000000005,
    2.5550000000000006,
    2.5900000000000007,
    2.625000000000001,
    2.660000000000001,
    2.695000000000001,
    2.7300000000000013,
    2.7650000000000015
  ],
  "NODE_2177": {
    "DISPLACEMENT_Y": [
      -0.0038347288942708092,
      -0.01587914525748067,
      -0.034700079477228064,
      -0.056610476745802635,
      -0.07982599127139524,
      -0.10476105871193538,
      -0.134057228344318,
      -0.16755141138591012,
      -0.1993337143934861,
      -0.22360793778194293,
      -0.238227824171631,
      -0.24347331535413733,
      -0.24276939094841568,
      -0.23936468658893448,
      -0.2308099489011343,
      -0.21328894608150217,
      -0.18674290348546926,
      -0.15364392422517129,
      -0.11940119279384542,
      -0.08999385736564626,
      -0.06643566067633136,
      -0.04564630081012831,
      -0.026637445815171374,
      -0.011419290550251987,
      -0.0031187057846022064,
      -0.00641745013782564,
      -0.021916694378765835,
      -0.04426653483890698,
      -0.06877601969806851,
      -0.09387257461440104,
      -0.11981938589407076,
      -0.1486444989651056,
      -0.18074591069647364,
      -0.21087611636187553,
      -0.23261902111772756,
      -0.24394358953661993,
      -0.24575501955022486,
      -0.24103407949846903,
      -0.23349712831650907,
      -0.221798475990553,
      -0.2018097830939163,
      -0.17328803111731617,
      -0.13927086883313858,
      -0.10485624721320398,
      -0.07577376063714121,
      -0.05391716763392959,
      -0.035994493780631014,
      -0.02021160573097572,
      -0.008656838610278592,
      -0.0042360600578987,
      -0.010833975828225035,
      -0.02950862383920073,
      -0.05508698100378067,
      -0.08197058151372272,
      -0.10843751407005141,
      -0.134898962763526,
      -0.1629162400069592,
      -0.19312004841182573,
      -0.22109488567047214,
      -0.24015526407417098,
      -0.24797925662167095,
      -0.24613152168325547,
      -0.23755088980562133,
      -0.22604202495549944,
      -0.2112655462594405,
      -0.18928415446404995,
      -0.15927355463131243,
      -0.12463387800177314,
      -0.0905856503080329,
      -0.062381014474249215,
      -0.042427134912388254,
      -0.027753256271330812,
      -0.01557061924083013,
      -0.007658219339927688,
      -0.007117248672333224,
      -0.01705316532548605,
      -0.038532510522724224,
      -0.06698472799238933,
      -0.09600214148544461
    ]
  }
}